date,metric,suburb_value,cr_value,sa3_value,area_name,property_type
2003-05-31,sell_price,277000.0,319000.0,302000.0,Belmont North,house
2003-06-30,sell_price,277000.0,324000.0,300000.0,Belmont North,house
2003-07-31,sell_price,293000.0,339000.0,296000.0,Belmont North,house
2003-08-31,sell_price,293000.0,342000.0,307000.0,Belmont North,house
2003-09-30,sell_price,295000.0,341000.0,301000.0,Belmont North,house
2003-10-31,sell_price,303000.0,344000.0,309000.0,Belmont North,house
2003-11-30,sell_price,306000.0,333000.0,315000.0,Belmont North,house
2003-12-31,sell_price,323000.0,331000.0,313000.0,Belmont North,house
2004-01-31,sell_price,329000.0,334000.0,316000.0,Belmont North,house
2004-02-29,sell_price,342000.0,383000.0,448000.0,Belmont North,house
2004-02-29,sell_price,347000.0,380000.0,342000.0,Belmont North,unit
2004-03-31,sell_price,351000.0,388000.0,453000.0,Belmont North,house
2004-03-31,sell_price,347000.0,492000.0,345000.0,Belmont North,unit
2004-04-30,sell_price,347000.0,494000.0,347000.0,Belmont North,unit
2004-04-30,sell_price,355000.0,391000.0,457000.0,Belmont North,house
2004-05-31,sell_price,357000.0,395000.0,461000.0,Belmont North,house
2004-05-31,sell_price,347000.0,486000.0,350000.0,Belmont North,unit
2004-06-30,sell_price,357000.0,397000.0,465000.0,Belmont North,house
2004-06-30,sell_price,347000.0,478000.0,358000.0,Belmont North,unit
2004-07-31,sell_price,356000.0,479000.0,358000.0,Belmont North,unit
2004-07-31,sell_price,355000.0,400000.0,467000.0,Belmont North,house
2004-08-31,sell_price,359000.0,403000.0,471000.0,Belmont North,house
2004-08-31,sell_price,356000.0,469000.0,359000.0,Belmont North,unit
2004-09-30,sell_price,356000.0,441000.0,359000.0,Belmont North,unit
2004-09-30,sell_price,360000.0,405000.0,473000.0,Belmont North,house
2004-10-31,sell_price,363000.0,405000.0,473000.0,Belmont North,house
2004-10-31,sell_price,356000.0,440000.0,361000.0,Belmont North,unit
2004-11-30,sell_price,356000.0,438000.0,359000.0,Belmont North,unit
2004-11-30,sell_price,372000.0,407000.0,474000.0,Belmont North,house
2004-12-31,sell_price,356000.0,434000.0,348000.0,Belmont North,unit
2004-12-31,sell_price,374000.0,407000.0,473000.0,Belmont North,house
2005-01-31,sell_price,368000.0,409000.0,476000.0,Belmont North,house
2005-01-31,sell_price,356000.0,432000.0,345000.0,Belmont North,unit
2005-02-28,sell_price,356000.0,430000.0,344000.0,Belmont North,unit
2005-02-28,sell_price,358000.0,410000.0,474000.0,Belmont North,house
2005-03-31,sell_price,347000.0,410000.0,473000.0,Belmont North,house
2005-03-31,sell_price,356000.0,426000.0,344000.0,Belmont North,unit
2005-04-30,sell_price,346000.0,412000.0,475000.0,Belmont North,house
2005-04-30,sell_price,356000.0,436000.0,379000.0,Belmont North,unit
2005-05-31,sell_price,356000.0,449000.0,418000.0,Belmont North,unit
2005-05-31,sell_price,346000.0,407000.0,461000.0,Belmont North,house
2005-06-30,sell_price,356000.0,440000.0,420000.0,Belmont North,unit
2005-06-30,sell_price,358000.0,372000.0,369000.0,Belmont North,house
2005-07-31,sell_price,356000.0,438000.0,418000.0,Belmont North,unit
2005-07-31,sell_price,357000.0,368000.0,370000.0,Belmont North,house
2005-08-31,sell_price,355000.0,423000.0,371000.0,Belmont North,unit
2005-08-31,sell_price,356000.0,365000.0,366000.0,Belmont North,house
2005-09-30,sell_price,355000.0,414000.0,345000.0,Belmont North,unit
2005-09-30,sell_price,358000.0,351000.0,363000.0,Belmont North,house
2005-10-31,sell_price,355000.0,413000.0,345000.0,Belmont North,unit
2005-10-31,sell_price,359000.0,347000.0,362000.0,Belmont North,house
2005-11-30,sell_price,355000.0,412000.0,344000.0,Belmont North,unit
2005-11-30,sell_price,349000.0,348000.0,362000.0,Belmont North,house
2005-12-31,sell_price,350000.0,348000.0,363000.0,Belmont North,house
2005-12-31,sell_price,356000.0,438000.0,342000.0,Belmont North,unit
2006-01-31,sell_price,356000.0,437000.0,341000.0,Belmont North,unit
2006-01-31,sell_price,351000.0,350000.0,363000.0,Belmont North,house
2006-02-28,sell_price,349000.0,350000.0,362000.0,Belmont North,house
2006-02-28,sell_price,355000.0,440000.0,343000.0,Belmont North,unit
2006-03-31,sell_price,355000.0,439000.0,345000.0,Belmont North,unit
2006-03-31,sell_price,346000.0,350000.0,359000.0,Belmont North,house
2006-04-30,sell_price,355000.0,440000.0,357000.0,Belmont North,unit
2006-04-30,sell_price,339000.0,349000.0,357000.0,Belmont North,house
2006-05-31,sell_price,355000.0,442000.0,361000.0,Belmont North,unit
2006-05-31,sell_price,344000.0,350000.0,359000.0,Belmont North,house
2006-06-30,sell_price,347000.0,351000.0,360000.0,Belmont North,house
2006-06-30,sell_price,355000.0,442000.0,366000.0,Belmont North,unit
2006-07-31,sell_price,355000.0,442000.0,369000.0,Belmont North,unit
2006-07-31,sell_price,356000.0,352000.0,362000.0,Belmont North,house
2006-08-31,sell_price,355000.0,440000.0,363000.0,Belmont North,unit
2006-08-31,sell_price,360000.0,353000.0,364000.0,Belmont North,house
2006-09-30,sell_price,355000.0,476000.0,357000.0,Belmont North,unit
2006-09-30,sell_price,360000.0,353000.0,364000.0,Belmont North,house
2006-10-31,sell_price,355000.0,474000.0,358000.0,Belmont North,unit
2006-10-31,sell_price,361000.0,354000.0,366000.0,Belmont North,house
2006-11-30,sell_price,365000.0,355000.0,366000.0,Belmont North,house
2006-11-30,sell_price,349000.0,474000.0,360000.0,Belmont North,unit
2006-12-31,sell_price,361000.0,356000.0,365000.0,Belmont North,house
2006-12-31,sell_price,349000.0,466000.0,359000.0,Belmont North,unit
2007-01-31,sell_price,347000.0,476000.0,387000.0,Belmont North,unit
2007-01-31,sell_price,360000.0,356000.0,364000.0,Belmont North,house
2007-02-28,sell_price,340000.0,547000.0,599000.0,Belmont North,unit
2007-02-28,sell_price,359000.0,357000.0,365000.0,Belmont North,house
2007-03-31,sell_price,348000.0,357000.0,365000.0,Belmont North,house
2007-03-31,sell_price,339000.0,543000.0,601000.0,Belmont North,unit
2007-04-30,sell_price,354000.0,358000.0,367000.0,Belmont North,house
2007-04-30,sell_price,339000.0,486000.0,573000.0,Belmont North,unit
2007-05-31,sell_price,344000.0,360000.0,366000.0,Belmont North,house
2007-05-31,sell_price,348000.0,478000.0,569000.0,Belmont North,unit
2007-06-30,sell_price,348000.0,477000.0,568000.0,Belmont North,unit
2007-06-30,sell_price,345000.0,360000.0,366000.0,Belmont North,house
2007-07-31,sell_price,350000.0,361000.0,367000.0,Belmont North,house
2007-07-31,sell_price,352000.0,481000.0,574000.0,Belmont North,unit
2007-08-31,sell_price,352000.0,481000.0,571000.0,Belmont North,unit
2007-08-31,sell_price,342000.0,362000.0,372000.0,Belmont North,house
2007-09-30,sell_price,355000.0,483000.0,571000.0,Belmont North,unit
2007-09-30,sell_price,337000.0,362000.0,375000.0,Belmont North,house
2007-10-31,sell_price,355000.0,483000.0,573000.0,Belmont North,unit
2007-10-31,sell_price,346000.0,363000.0,376000.0,Belmont North,house
2007-11-30,sell_price,346000.0,364000.0,377000.0,Belmont North,house
2007-11-30,sell_price,355000.0,480000.0,560000.0,Belmont North,unit
2007-12-31,sell_price,338000.0,366000.0,378000.0,Belmont North,house
2007-12-31,sell_price,355000.0,481000.0,563000.0,Belmont North,unit
2008-01-31,sell_price,355000.0,482000.0,567000.0,Belmont North,unit
2008-01-31,sell_price,330000.0,367000.0,378000.0,Belmont North,house
2008-02-29,sell_price,349000.0,478000.0,557000.0,Belmont North,unit
2008-02-29,sell_price,333000.0,368000.0,377000.0,Belmont North,house
2008-03-31,sell_price,342000.0,370000.0,377000.0,Belmont North,house
2008-03-31,sell_price,349000.0,422000.0,396000.0,Belmont North,unit
2008-04-30,sell_price,349000.0,371000.0,377000.0,Belmont North,house
2008-04-30,sell_price,340000.0,420000.0,391000.0,Belmont North,unit
2008-05-31,sell_price,356000.0,371000.0,378000.0,Belmont North,house
2008-05-31,sell_price,340000.0,420000.0,387000.0,Belmont North,unit
2008-06-30,sell_price,356000.0,371000.0,378000.0,Belmont North,house
2008-06-30,sell_price,339000.0,419000.0,386000.0,Belmont North,unit
2008-07-31,sell_price,351000.0,371000.0,377000.0,Belmont North,house
2008-07-31,sell_price,340000.0,412000.0,365000.0,Belmont North,unit
2008-08-31,sell_price,352000.0,370000.0,376000.0,Belmont North,house
2008-08-31,sell_price,344000.0,411000.0,364000.0,Belmont North,unit
2008-09-30,sell_price,355000.0,370000.0,376000.0,Belmont North,house
2008-09-30,sell_price,346000.0,411000.0,364000.0,Belmont North,unit
2008-10-31,sell_price,346000.0,411000.0,364000.0,Belmont North,unit
2008-10-31,sell_price,358000.0,370000.0,376000.0,Belmont North,house
2008-11-30,sell_price,352000.0,371000.0,376000.0,Belmont North,house
2008-11-30,sell_price,346000.0,410000.0,363000.0,Belmont North,unit
2008-12-31,sell_price,346000.0,410000.0,361000.0,Belmont North,unit
2008-12-31,sell_price,348000.0,370000.0,375000.0,Belmont North,house
2009-01-31,sell_price,346000.0,476000.0,557000.0,Belmont North,unit
2009-01-31,sell_price,344000.0,369000.0,374000.0,Belmont North,house
2009-02-28,sell_price,344000.0,368000.0,372000.0,Belmont North,house
2009-02-28,sell_price,350000.0,476000.0,559000.0,Belmont North,unit
2009-03-31,sell_price,343000.0,367000.0,369000.0,Belmont North,house
2009-03-31,sell_price,351000.0,476000.0,559000.0,Belmont North,unit
2009-04-30,sell_price,339000.0,366000.0,368000.0,Belmont North,house
2009-04-30,sell_price,353000.0,473000.0,548000.0,Belmont North,unit
2009-05-31,sell_price,338000.0,367000.0,368000.0,Belmont North,house
2009-05-31,sell_price,353000.0,472000.0,546000.0,Belmont North,unit
2009-06-30,sell_price,341000.0,368000.0,368000.0,Belmont North,house
2009-06-30,sell_price,354000.0,515000.0,548000.0,Belmont North,unit
2009-07-31,sell_price,340000.0,368000.0,369000.0,Belmont North,house
2009-07-31,sell_price,354000.0,518000.0,551000.0,Belmont North,unit
2009-08-31,sell_price,340000.0,370000.0,370000.0,Belmont North,house
2009-08-31,sell_price,354000.0,495000.0,551000.0,Belmont North,unit
2009-09-30,sell_price,335000.0,371000.0,370000.0,Belmont North,house
2009-09-30,sell_price,354000.0,498000.0,557000.0,Belmont North,unit
2009-10-31,sell_price,354000.0,494000.0,598000.0,Belmont North,unit
2009-10-31,sell_price,337000.0,370000.0,370000.0,Belmont North,house
2009-11-30,sell_price,352000.0,494000.0,602000.0,Belmont North,unit
2009-11-30,sell_price,337000.0,371000.0,370000.0,Belmont North,house
2009-12-31,sell_price,352000.0,494000.0,602000.0,Belmont North,unit
2009-12-31,sell_price,339000.0,374000.0,374000.0,Belmont North,house
2010-01-31,sell_price,352000.0,494000.0,603000.0,Belmont North,unit
2010-01-31,sell_price,338000.0,374000.0,374000.0,Belmont North,house
2010-02-28,sell_price,339000.0,376000.0,378000.0,Belmont North,house
2010-02-28,sell_price,352000.0,494000.0,603000.0,Belmont North,unit
2010-03-31,sell_price,341000.0,378000.0,380000.0,Belmont North,house
2010-03-31,sell_price,350000.0,495000.0,603000.0,Belmont North,unit
2010-04-30,sell_price,349000.0,492000.0,592000.0,Belmont North,unit
2010-04-30,sell_price,343000.0,377000.0,379000.0,Belmont North,house
2010-05-31,sell_price,349000.0,479000.0,558000.0,Belmont North,unit
2010-05-31,sell_price,348000.0,379000.0,379000.0,Belmont North,house
2010-06-30,sell_price,349000.0,478000.0,559000.0,Belmont North,unit
2010-06-30,sell_price,355000.0,380000.0,381000.0,Belmont North,house
2010-07-31,sell_price,358000.0,381000.0,383000.0,Belmont North,house
2010-07-31,sell_price,349000.0,478000.0,558000.0,Belmont North,unit
2010-08-31,sell_price,362000.0,382000.0,385000.0,Belmont North,house
2010-08-31,sell_price,354000.0,479000.0,562000.0,Belmont North,unit
2010-09-30,sell_price,362000.0,384000.0,386000.0,Belmont North,house
2010-09-30,sell_price,354000.0,479000.0,560000.0,Belmont North,unit
2010-10-31,sell_price,363000.0,385000.0,387000.0,Belmont North,house
2010-10-31,sell_price,354000.0,479000.0,559000.0,Belmont North,unit
2010-11-30,sell_price,364000.0,386000.0,386000.0,Belmont North,house
2010-11-30,sell_price,356000.0,480000.0,560000.0,Belmont North,unit
2010-12-31,sell_price,356000.0,479000.0,557000.0,Belmont North,unit
2010-12-31,sell_price,366000.0,386000.0,385000.0,Belmont North,house
2011-01-31,sell_price,366000.0,386000.0,384000.0,Belmont North,house
2011-01-31,sell_price,356000.0,479000.0,555000.0,Belmont North,unit
2011-02-28,sell_price,369000.0,387000.0,385000.0,Belmont North,house
2011-02-28,sell_price,358000.0,459000.0,556000.0,Belmont North,unit
2011-03-31,sell_price,359000.0,460000.0,558000.0,Belmont North,unit
2011-03-31,sell_price,379000.0,390000.0,387000.0,Belmont North,house
2011-04-30,sell_price,385000.0,391000.0,388000.0,Belmont North,house
2011-04-30,sell_price,358000.0,464000.0,559000.0,Belmont North,unit
2011-05-31,sell_price,353000.0,465000.0,559000.0,Belmont North,unit
2011-05-31,sell_price,385000.0,394000.0,390000.0,Belmont North,house
2011-06-30,sell_price,348000.0,467000.0,559000.0,Belmont North,unit
2011-06-30,sell_price,384000.0,394000.0,391000.0,Belmont North,house
2011-07-31,sell_price,348000.0,470000.0,566000.0,Belmont North,unit
2011-07-31,sell_price,384000.0,395000.0,393000.0,Belmont North,house
2011-08-31,sell_price,384000.0,394000.0,392000.0,Belmont North,house
2011-08-31,sell_price,346000.0,471000.0,568000.0,Belmont North,unit
2011-09-30,sell_price,346000.0,469000.0,568000.0,Belmont North,unit
2011-09-30,sell_price,387000.0,394000.0,392000.0,Belmont North,house
2011-10-31,sell_price,389000.0,395000.0,392000.0,Belmont North,house
2011-10-31,sell_price,346000.0,469000.0,564000.0,Belmont North,unit
2011-11-30,sell_price,346000.0,470000.0,566000.0,Belmont North,unit
2011-11-30,sell_price,392000.0,394000.0,391000.0,Belmont North,house
2011-12-31,sell_price,396000.0,395000.0,391000.0,Belmont North,house
2011-12-31,sell_price,346000.0,471000.0,566000.0,Belmont North,unit
2012-01-31,sell_price,349000.0,472000.0,567000.0,Belmont North,unit
2012-01-31,sell_price,391000.0,395000.0,394000.0,Belmont North,house
2012-02-29,sell_price,349000.0,472000.0,566000.0,Belmont North,unit
2012-02-29,sell_price,390000.0,404000.0,397000.0,Belmont North,house
2012-03-31,sell_price,350000.0,469000.0,568000.0,Belmont North,unit
2012-03-31,sell_price,392000.0,412000.0,399000.0,Belmont North,house
2012-04-30,sell_price,350000.0,470000.0,568000.0,Belmont North,unit
2012-04-30,sell_price,383000.0,410000.0,399000.0,Belmont North,house
2012-05-31,sell_price,350000.0,467000.0,566000.0,Belmont North,unit
2012-05-31,sell_price,390000.0,410000.0,400000.0,Belmont North,house
2012-06-30,sell_price,350000.0,485000.0,619000.0,Belmont North,unit
2012-06-30,sell_price,381000.0,409000.0,398000.0,Belmont North,house
2012-07-31,sell_price,389000.0,409000.0,399000.0,Belmont North,house
2012-07-31,sell_price,364000.0,491000.0,637000.0,Belmont North,unit
2012-08-31,sell_price,389000.0,410000.0,401000.0,Belmont North,house
2012-08-31,sell_price,365000.0,505000.0,674000.0,Belmont North,unit
2012-09-30,sell_price,383000.0,411000.0,402000.0,Belmont North,house
2012-09-30,sell_price,361000.0,517000.0,705000.0,Belmont North,unit
2012-10-31,sell_price,384000.0,405000.0,404000.0,Belmont North,house
2012-10-31,sell_price,361000.0,518000.0,706000.0,Belmont North,unit
2012-11-30,sell_price,361000.0,519000.0,707000.0,Belmont North,unit
2012-11-30,sell_price,392000.0,404000.0,404000.0,Belmont North,house
2012-12-31,sell_price,391000.0,405000.0,406000.0,Belmont North,house
2012-12-31,sell_price,367000.0,508000.0,678000.0,Belmont North,unit
2013-01-31,sell_price,388000.0,406000.0,407000.0,Belmont North,house
2013-01-31,sell_price,372000.0,507000.0,671000.0,Belmont North,unit
2013-02-28,sell_price,372000.0,496000.0,640000.0,Belmont North,unit
2013-02-28,sell_price,390000.0,431000.0,475000.0,Belmont North,house
2013-03-31,sell_price,392000.0,432000.0,474000.0,Belmont North,house
2013-03-31,sell_price,372000.0,496000.0,639000.0,Belmont North,unit
2013-04-30,sell_price,389000.0,434000.0,475000.0,Belmont North,house
2013-04-30,sell_price,372000.0,491000.0,628000.0,Belmont North,unit
2013-05-31,sell_price,391000.0,436000.0,479000.0,Belmont North,house
2013-05-31,sell_price,372000.0,487000.0,608000.0,Belmont North,unit
2013-06-30,sell_price,373000.0,531000.0,606000.0,Belmont North,unit
2013-06-30,sell_price,388000.0,437000.0,478000.0,Belmont North,house
2013-07-31,sell_price,390000.0,438000.0,478000.0,Belmont North,house
2013-07-31,sell_price,373000.0,532000.0,608000.0,Belmont North,unit
2013-08-31,sell_price,373000.0,533000.0,609000.0,Belmont North,unit
2013-08-31,sell_price,394000.0,439000.0,482000.0,Belmont North,house
2013-09-30,sell_price,373000.0,535000.0,614000.0,Belmont North,unit
2013-09-30,sell_price,393000.0,441000.0,484000.0,Belmont North,house
2013-10-31,sell_price,378000.0,536000.0,616000.0,Belmont North,unit
2013-10-31,sell_price,391000.0,442000.0,486000.0,Belmont North,house
2013-11-30,sell_price,381000.0,538000.0,621000.0,Belmont North,unit
2013-11-30,sell_price,392000.0,444000.0,488000.0,Belmont North,house
2013-12-31,sell_price,392000.0,447000.0,493000.0,Belmont North,house
2013-12-31,sell_price,385000.0,538000.0,624000.0,Belmont North,unit
2014-01-31,sell_price,385000.0,552000.0,593000.0,Belmont North,unit
2014-01-31,sell_price,397000.0,442000.0,484000.0,Belmont North,house
2014-02-28,sell_price,388000.0,553000.0,596000.0,Belmont North,unit
2014-02-28,sell_price,398000.0,445000.0,488000.0,Belmont North,house
2014-03-31,sell_price,388000.0,558000.0,596000.0,Belmont North,unit
2014-03-31,sell_price,413000.0,449000.0,492000.0,Belmont North,house
2014-04-30,sell_price,417000.0,452000.0,498000.0,Belmont North,house
2014-04-30,sell_price,388000.0,598000.0,597000.0,Belmont North,unit
2014-05-31,sell_price,388000.0,603000.0,597000.0,Belmont North,unit
2014-05-31,sell_price,425000.0,455000.0,499000.0,Belmont North,house
2014-06-30,sell_price,388000.0,597000.0,598000.0,Belmont North,unit
2014-06-30,sell_price,424000.0,444000.0,461000.0,Belmont North,house
2014-07-31,sell_price,428000.0,444000.0,460000.0,Belmont North,house
2014-07-31,sell_price,388000.0,586000.0,589000.0,Belmont North,unit
2014-08-31,sell_price,388000.0,544000.0,591000.0,Belmont North,unit
2014-08-31,sell_price,426000.0,445000.0,456000.0,Belmont North,house
2014-09-30,sell_price,430000.0,449000.0,459000.0,Belmont North,house
2014-09-30,sell_price,388000.0,540000.0,578000.0,Belmont North,unit
2014-10-31,sell_price,430000.0,452000.0,461000.0,Belmont North,house
2014-10-31,sell_price,388000.0,542000.0,578000.0,Belmont North,unit
2014-11-30,sell_price,390000.0,543000.0,578000.0,Belmont North,unit
2014-11-30,sell_price,437000.0,455000.0,466000.0,Belmont North,house
2014-12-31,sell_price,395000.0,543000.0,572000.0,Belmont North,unit
2014-12-31,sell_price,438000.0,458000.0,470000.0,Belmont North,house
2015-01-31,sell_price,395000.0,540000.0,562000.0,Belmont North,unit
2015-01-31,sell_price,444000.0,461000.0,472000.0,Belmont North,house
2015-02-28,sell_price,395000.0,518000.0,560000.0,Belmont North,unit
2015-02-28,sell_price,443000.0,462000.0,474000.0,Belmont North,house
2015-03-31,sell_price,395000.0,507000.0,562000.0,Belmont North,unit
2015-03-31,sell_price,451000.0,466000.0,478000.0,Belmont North,house
2015-04-30,sell_price,462000.0,467000.0,478000.0,Belmont North,house
2015-04-30,sell_price,397000.0,507000.0,562000.0,Belmont North,unit
2015-05-31,sell_price,400000.0,457000.0,560000.0,Belmont North,unit
2015-05-31,sell_price,469000.0,471000.0,482000.0,Belmont North,house
2015-06-30,sell_price,400000.0,457000.0,559000.0,Belmont North,unit
2015-06-30,sell_price,469000.0,474000.0,483000.0,Belmont North,house
2015-07-31,sell_price,400000.0,456000.0,558000.0,Belmont North,unit
2015-07-31,sell_price,470000.0,476000.0,486000.0,Belmont North,house
2015-08-31,sell_price,470000.0,478000.0,489000.0,Belmont North,house
2015-08-31,sell_price,400000.0,453000.0,554000.0,Belmont North,unit
2015-09-30,sell_price,468000.0,479000.0,489000.0,Belmont North,house
2015-09-30,sell_price,400000.0,454000.0,553000.0,Belmont North,unit
2015-10-31,sell_price,462000.0,482000.0,492000.0,Belmont North,house
2015-10-31,sell_price,400000.0,453000.0,552000.0,Belmont North,unit
2015-11-30,sell_price,461000.0,485000.0,495000.0,Belmont North,house
2015-11-30,sell_price,400000.0,453000.0,553000.0,Belmont North,unit
2015-12-31,sell_price,461000.0,488000.0,499000.0,Belmont North,house
2015-12-31,sell_price,403000.0,456000.0,561000.0,Belmont North,unit
2016-01-31,sell_price,409000.0,457000.0,562000.0,Belmont North,unit
2016-01-31,sell_price,461000.0,489000.0,501000.0,Belmont North,house
2016-02-29,sell_price,467000.0,491000.0,503000.0,Belmont North,house
2016-02-29,sell_price,414000.0,460000.0,565000.0,Belmont North,unit
2016-03-31,sell_price,465000.0,494000.0,504000.0,Belmont North,house
2016-03-31,sell_price,414000.0,463000.0,570000.0,Belmont North,unit
2016-04-30,sell_price,462000.0,496000.0,505000.0,Belmont North,house
2016-04-30,sell_price,414000.0,465000.0,576000.0,Belmont North,unit
2016-05-31,sell_price,467000.0,499000.0,508000.0,Belmont North,house
2016-05-31,sell_price,414000.0,468000.0,584000.0,Belmont North,unit
2016-06-30,sell_price,479000.0,504000.0,512000.0,Belmont North,house
2016-06-30,sell_price,414000.0,471000.0,589000.0,Belmont North,unit
2016-07-31,sell_price,488000.0,506000.0,513000.0,Belmont North,house
2016-07-31,sell_price,419000.0,473000.0,590000.0,Belmont North,unit
2016-08-31,sell_price,491000.0,508000.0,515000.0,Belmont North,house
2016-08-31,sell_price,419000.0,475000.0,593000.0,Belmont North,unit
2016-09-30,sell_price,500000.0,512000.0,518000.0,Belmont North,house
2016-09-30,sell_price,423000.0,475000.0,595000.0,Belmont North,unit
2016-10-31,sell_price,498000.0,517000.0,524000.0,Belmont North,house
2016-10-31,sell_price,425000.0,476000.0,593000.0,Belmont North,unit
2016-11-30,sell_price,425000.0,479000.0,594000.0,Belmont North,unit
2016-11-30,sell_price,506000.0,524000.0,526000.0,Belmont North,house
2016-12-31,sell_price,510000.0,529000.0,531000.0,Belmont North,house
2016-12-31,sell_price,425000.0,504000.0,607000.0,Belmont North,unit
2017-01-31,sell_price,425000.0,506000.0,608000.0,Belmont North,unit
2017-01-31,sell_price,510000.0,528000.0,530000.0,Belmont North,house
2017-02-28,sell_price,510000.0,533000.0,538000.0,Belmont North,house
2017-02-28,sell_price,426000.0,510000.0,611000.0,Belmont North,unit
2017-03-31,sell_price,426000.0,515000.0,607000.0,Belmont North,unit
2017-03-31,sell_price,516000.0,539000.0,541000.0,Belmont North,house
2017-04-30,sell_price,426000.0,512000.0,597000.0,Belmont North,unit
2017-04-30,sell_price,519000.0,543000.0,546000.0,Belmont North,house
2017-05-31,sell_price,521000.0,551000.0,554000.0,Belmont North,house
2017-05-31,sell_price,426000.0,513000.0,596000.0,Belmont North,unit
2017-06-30,sell_price,536000.0,557000.0,560000.0,Belmont North,house
2017-06-30,sell_price,426000.0,516000.0,598000.0,Belmont North,unit
2017-07-31,sell_price,535000.0,561000.0,569000.0,Belmont North,house
2017-07-31,sell_price,426000.0,517000.0,597000.0,Belmont North,unit
2017-08-31,sell_price,426000.0,518000.0,597000.0,Belmont North,unit
2017-08-31,sell_price,554000.0,565000.0,573000.0,Belmont North,house
2017-09-30,sell_price,556000.0,569000.0,575000.0,Belmont North,house
2017-09-30,sell_price,426000.0,587000.0,608000.0,Belmont North,unit
2017-10-31,sell_price,562000.0,574000.0,578000.0,Belmont North,house
2017-10-31,sell_price,426000.0,614000.0,671000.0,Belmont North,unit
2017-11-30,sell_price,428000.0,620000.0,682000.0,Belmont North,unit
2017-11-30,sell_price,573000.0,580000.0,581000.0,Belmont North,house
2017-12-31,sell_price,581000.0,590000.0,591000.0,Belmont North,house
2017-12-31,sell_price,431000.0,625000.0,691000.0,Belmont North,unit
2018-01-31,sell_price,581000.0,594000.0,594000.0,Belmont North,house
2018-01-31,sell_price,431000.0,625000.0,689000.0,Belmont North,unit
2018-02-28,sell_price,590000.0,598000.0,597000.0,Belmont North,house
2018-02-28,sell_price,431000.0,625000.0,686000.0,Belmont North,unit
2018-03-31,sell_price,598000.0,603000.0,604000.0,Belmont North,house
2018-03-31,sell_price,439000.0,618000.0,662000.0,Belmont North,unit
2018-04-30,sell_price,602000.0,606000.0,607000.0,Belmont North,house
2018-04-30,sell_price,445000.0,610000.0,656000.0,Belmont North,unit
2018-05-31,sell_price,446000.0,610000.0,656000.0,Belmont North,unit
2018-05-31,sell_price,622000.0,611000.0,614000.0,Belmont North,house
2018-06-30,sell_price,446000.0,617000.0,674000.0,Belmont North,unit
2018-06-30,sell_price,622000.0,614000.0,615000.0,Belmont North,house
2018-07-31,sell_price,623000.0,617000.0,620000.0,Belmont North,house
2018-07-31,sell_price,451000.0,623000.0,689000.0,Belmont North,unit
2018-08-31,sell_price,633000.0,622000.0,628000.0,Belmont North,house
2018-08-31,sell_price,453000.0,596000.0,690000.0,Belmont North,unit
2018-09-30,sell_price,632000.0,627000.0,631000.0,Belmont North,house
2018-09-30,sell_price,453000.0,589000.0,688000.0,Belmont North,unit
2018-10-31,sell_price,637000.0,632000.0,635000.0,Belmont North,house
2018-10-31,sell_price,453000.0,565000.0,684000.0,Belmont North,unit
2018-11-30,sell_price,453000.0,564000.0,687000.0,Belmont North,unit
2018-11-30,sell_price,632000.0,630000.0,638000.0,Belmont North,house
2018-12-31,sell_price,624000.0,631000.0,634000.0,Belmont North,house
2018-12-31,sell_price,453000.0,564000.0,688000.0,Belmont North,unit
2019-01-31,sell_price,453000.0,564000.0,698000.0,Belmont North,unit
2019-01-31,sell_price,625000.0,629000.0,632000.0,Belmont North,house
2019-02-28,sell_price,630000.0,628000.0,631000.0,Belmont North,house
2019-02-28,sell_price,453000.0,561000.0,696000.0,Belmont North,unit
2019-03-31,sell_price,629000.0,629000.0,630000.0,Belmont North,house
2019-03-31,sell_price,457000.0,554000.0,676000.0,Belmont North,unit
2019-04-30,sell_price,626000.0,627000.0,630000.0,Belmont North,house
2019-04-30,sell_price,457000.0,555000.0,675000.0,Belmont North,unit
2019-05-31,sell_price,457000.0,560000.0,687000.0,Belmont North,unit
2019-05-31,sell_price,624000.0,627000.0,630000.0,Belmont North,house
2019-06-30,sell_price,611000.0,626000.0,628000.0,Belmont North,house
2019-06-30,sell_price,457000.0,548000.0,648000.0,Belmont North,unit
2019-07-31,sell_price,605000.0,625000.0,625000.0,Belmont North,house
2019-07-31,sell_price,462000.0,546000.0,639000.0,Belmont North,unit
2019-08-31,sell_price,467000.0,543000.0,632000.0,Belmont North,unit
2019-08-31,sell_price,598000.0,624000.0,624000.0,Belmont North,house
2019-09-30,sell_price,582000.0,623000.0,623000.0,Belmont North,house
2019-09-30,sell_price,475000.0,539000.0,621000.0,Belmont North,unit
2019-10-31,sell_price,567000.0,623000.0,621000.0,Belmont North,house
2019-10-31,sell_price,482000.0,540000.0,622000.0,Belmont North,unit
2019-11-30,sell_price,566000.0,623000.0,619000.0,Belmont North,house
2019-11-30,sell_price,482000.0,540000.0,622000.0,Belmont North,unit
2019-12-31,sell_price,482000.0,538000.0,621000.0,Belmont North,unit
2019-12-31,sell_price,574000.0,625000.0,624000.0,Belmont North,house
2020-01-31,sell_price,582000.0,629000.0,630000.0,Belmont North,house
2020-01-31,sell_price,482000.0,537000.0,621000.0,Belmont North,unit
2020-02-29,sell_price,493000.0,539000.0,621000.0,Belmont North,unit
2020-02-29,sell_price,576000.0,632000.0,629000.0,Belmont North,house
2020-03-31,sell_price,572000.0,635000.0,635000.0,Belmont North,house
2020-03-31,sell_price,500000.0,537000.0,618000.0,Belmont North,unit
2020-04-30,sell_price,499000.0,539000.0,620000.0,Belmont North,unit
2020-04-30,sell_price,587000.0,641000.0,641000.0,Belmont North,house
2020-05-31,sell_price,501000.0,539000.0,619000.0,Belmont North,unit
2020-05-31,sell_price,593000.0,644000.0,645000.0,Belmont North,house
2020-06-30,sell_price,501000.0,540000.0,624000.0,Belmont North,unit
2020-06-30,sell_price,593000.0,647000.0,646000.0,Belmont North,house
2020-07-31,sell_price,501000.0,539000.0,623000.0,Belmont North,unit
2020-07-31,sell_price,602000.0,654000.0,652000.0,Belmont North,house
2020-08-31,sell_price,500000.0,537000.0,623000.0,Belmont North,unit
2020-08-31,sell_price,607000.0,653000.0,654000.0,Belmont North,house
2020-09-30,sell_price,597000.0,656000.0,661000.0,Belmont North,house
2020-09-30,sell_price,500000.0,541000.0,633000.0,Belmont North,unit
2020-10-31,sell_price,500000.0,543000.0,633000.0,Belmont North,unit
2020-10-31,sell_price,598000.0,660000.0,662000.0,Belmont North,house
2020-11-30,sell_price,611000.0,666000.0,669000.0,Belmont North,house
2020-11-30,sell_price,500000.0,545000.0,641000.0,Belmont North,unit
2020-12-31,sell_price,515000.0,547000.0,641000.0,Belmont North,unit
2020-12-31,sell_price,620000.0,675000.0,681000.0,Belmont North,house
2021-01-31,sell_price,521000.0,557000.0,636000.0,Belmont North,unit
2021-01-31,sell_price,635000.0,695000.0,688000.0,Belmont North,house
2021-02-28,sell_price,521000.0,562000.0,644000.0,Belmont North,unit
2021-02-28,sell_price,639000.0,705000.0,692000.0,Belmont North,house
2021-03-31,sell_price,657000.0,714000.0,705000.0,Belmont North,house
2021-03-31,sell_price,525000.0,567000.0,649000.0,Belmont North,unit
2021-04-30,sell_price,678000.0,723000.0,719000.0,Belmont North,house
2021-04-30,sell_price,525000.0,569000.0,658000.0,Belmont North,unit
2021-05-31,sell_price,686000.0,742000.0,733000.0,Belmont North,house
2021-05-31,sell_price,528000.0,570000.0,655000.0,Belmont North,unit
2021-06-30,sell_price,689000.0,753000.0,743000.0,Belmont North,house
2021-06-30,sell_price,530000.0,574000.0,658000.0,Belmont North,unit
2021-07-31,sell_price,698000.0,766000.0,757000.0,Belmont North,house
2021-07-31,sell_price,533000.0,578000.0,663000.0,Belmont North,unit
2021-08-31,sell_price,705000.0,780000.0,774000.0,Belmont North,house
2021-08-31,sell_price,537000.0,582000.0,669000.0,Belmont North,unit
2021-09-30,sell_price,720000.0,794000.0,789000.0,Belmont North,house
2021-09-30,sell_price,537000.0,583000.0,668000.0,Belmont North,unit
2021-10-31,sell_price,537000.0,588000.0,671000.0,Belmont North,unit
2021-10-31,sell_price,748000.0,812000.0,808000.0,Belmont North,house
2021-11-30,sell_price,759000.0,832000.0,829000.0,Belmont North,house
2021-11-30,sell_price,539000.0,579000.0,636000.0,Belmont North,unit
2021-12-31,sell_price,775000.0,853000.0,854000.0,Belmont North,house
2021-12-31,sell_price,539000.0,584000.0,640000.0,Belmont North,unit
2022-01-31,sell_price,810000.0,864000.0,866000.0,Belmont North,house
2022-01-31,sell_price,539000.0,586000.0,641000.0,Belmont North,unit
2022-02-28,sell_price,843000.0,875000.0,876000.0,Belmont North,house
2022-02-28,sell_price,539000.0,584000.0,631000.0,Belmont North,unit
2022-03-31,sell_price,890000.0,889000.0,888000.0,Belmont North,house
2022-03-31,sell_price,539000.0,589000.0,634000.0,Belmont North,unit
2022-04-30,sell_price,901000.0,897000.0,896000.0,Belmont North,house
2022-04-30,sell_price,540000.0,596000.0,636000.0,Belmont North,unit
2022-05-31,sell_price,540000.0,594000.0,626000.0,Belmont North,unit
2022-05-31,sell_price,910000.0,906000.0,904000.0,Belmont North,house
2022-06-30,sell_price,911000.0,905000.0,908000.0,Belmont North,house
2022-06-30,sell_price,542000.0,597000.0,629000.0,Belmont North,unit
2022-07-31,sell_price,545000.0,600000.0,632000.0,Belmont North,unit
2022-07-31,sell_price,907000.0,907000.0,908000.0,Belmont North,house
2022-08-28,sell_price,906000.0,904000.0,906000.0,Belmont North,house
2022-08-28,sell_price,548000.0,602000.0,635000.0,Belmont North,unit
2022-08-31,sell_price,906000.0,905000.0,906000.0,Belmont North,house
2022-08-31,sell_price,545000.0,602000.0,634000.0,Belmont North,unit
2022-09-04,sell_price,548000.0,602000.0,635000.0,Belmont North,unit
2022-09-04,sell_price,906000.0,905000.0,908000.0,Belmont North,house
2022-09-11,sell_price,906000.0,905000.0,907000.0,Belmont North,house
2022-09-11,sell_price,548000.0,603000.0,635000.0,Belmont North,unit
2022-09-18,sell_price,904000.0,906000.0,909000.0,Belmont North,house
2022-09-18,sell_price,548000.0,599000.0,623000.0,Belmont North,unit
2022-09-25,sell_price,548000.0,599000.0,623000.0,Belmont North,unit
2022-09-25,sell_price,902000.0,906000.0,909000.0,Belmont North,house
2022-10-02,sell_price,902000.0,906000.0,909000.0,Belmont North,house
2022-10-02,sell_price,551000.0,600000.0,624000.0,Belmont North,unit
2022-10-09,sell_price,901000.0,909000.0,910000.0,Belmont North,house
2022-10-09,sell_price,551000.0,601000.0,625000.0,Belmont North,unit
2022-10-16,sell_price,901000.0,909000.0,911000.0,Belmont North,house
2022-10-16,sell_price,551000.0,601000.0,625000.0,Belmont North,unit
2022-10-23,sell_price,551000.0,601000.0,625000.0,Belmont North,unit
2022-10-23,sell_price,897000.0,909000.0,911000.0,Belmont North,house
2022-10-30,sell_price,555000.0,603000.0,627000.0,Belmont North,unit
2022-10-30,sell_price,898000.0,910000.0,911000.0,Belmont North,house
2022-11-06,sell_price,900000.0,910000.0,912000.0,Belmont North,house
2022-11-06,sell_price,555000.0,603000.0,626000.0,Belmont North,unit
2022-11-13,sell_price,555000.0,603000.0,626000.0,Belmont North,unit
2022-11-13,sell_price,900000.0,910000.0,913000.0,Belmont North,house
2022-11-20,sell_price,555000.0,602000.0,627000.0,Belmont North,unit
2022-11-20,sell_price,900000.0,908000.0,913000.0,Belmont North,house
2022-11-27,sell_price,555000.0,602000.0,627000.0,Belmont North,unit
2022-11-27,sell_price,904000.0,909000.0,913000.0,Belmont North,house
2022-12-04,sell_price,900000.0,909000.0,914000.0,Belmont North,house
2022-12-04,sell_price,555000.0,603000.0,627000.0,Belmont North,unit
2022-12-11,sell_price,897000.0,910000.0,914000.0,Belmont North,house
2022-12-11,sell_price,555000.0,603000.0,627000.0,Belmont North,unit
2022-12-18,sell_price,897000.0,910000.0,913000.0,Belmont North,house
2022-12-18,sell_price,552000.0,603000.0,627000.0,Belmont North,unit
2022-12-25,sell_price,897000.0,909000.0,912000.0,Belmont North,house
2022-12-25,sell_price,552000.0,605000.0,627000.0,Belmont North,unit
2023-01-01,sell_price,897000.0,908000.0,912000.0,Belmont North,house
2023-01-01,sell_price,552000.0,605000.0,628000.0,Belmont North,unit
2023-01-08,sell_price,897000.0,908000.0,912000.0,Belmont North,house
2023-01-08,sell_price,552000.0,605000.0,628000.0,Belmont North,unit
2023-01-15,sell_price,896000.0,908000.0,913000.0,Belmont North,house
2023-01-15,sell_price,552000.0,606000.0,629000.0,Belmont North,unit
2023-01-22,sell_price,896000.0,909000.0,913000.0,Belmont North,house
2023-01-22,sell_price,552000.0,606000.0,628000.0,Belmont North,unit
2023-01-29,sell_price,552000.0,606000.0,628000.0,Belmont North,unit
2023-01-29,sell_price,896000.0,909000.0,914000.0,Belmont North,house
2023-02-05,sell_price,893000.0,910000.0,913000.0,Belmont North,house
2023-02-05,sell_price,546000.0,607000.0,629000.0,Belmont North,unit
2023-02-12,sell_price,546000.0,607000.0,631000.0,Belmont North,unit
2023-02-12,sell_price,889000.0,910000.0,914000.0,Belmont North,house
2023-02-19,sell_price,877000.0,910000.0,912000.0,Belmont North,house
2023-02-19,sell_price,546000.0,607000.0,631000.0,Belmont North,unit
2023-02-26,sell_price,546000.0,608000.0,631000.0,Belmont North,unit
2023-02-26,sell_price,874000.0,910000.0,912000.0,Belmont North,house
2023-03-05,sell_price,856000.0,911000.0,912000.0,Belmont North,house
2023-03-05,sell_price,546000.0,608000.0,632000.0,Belmont North,unit
2023-03-12,sell_price,851000.0,912000.0,912000.0,Belmont North,house
2023-03-12,sell_price,546000.0,608000.0,632000.0,Belmont North,unit
2023-03-19,sell_price,544000.0,609000.0,630000.0,Belmont North,unit
2023-03-19,sell_price,849000.0,912000.0,911000.0,Belmont North,house
2023-03-26,sell_price,544000.0,611000.0,630000.0,Belmont North,unit
2023-03-26,sell_price,840000.0,912000.0,908000.0,Belmont North,house
2023-04-02,sell_price,544000.0,612000.0,630000.0,Belmont North,unit
2023-04-02,sell_price,837000.0,912000.0,907000.0,Belmont North,house
2023-04-09,sell_price,544000.0,612000.0,631000.0,Belmont North,unit
2023-04-09,sell_price,837000.0,912000.0,907000.0,Belmont North,house
2023-04-16,sell_price,542000.0,612000.0,632000.0,Belmont North,unit
2023-04-16,sell_price,836000.0,912000.0,906000.0,Belmont North,house
2023-04-23,sell_price,835000.0,915000.0,908000.0,Belmont North,house
2023-04-23,sell_price,542000.0,611000.0,631000.0,Belmont North,unit
2023-04-30,sell_price,542000.0,611000.0,630000.0,Belmont North,unit
2023-04-30,sell_price,834000.0,917000.0,909000.0,Belmont North,house
2023-05-07,sell_price,542000.0,611000.0,630000.0,Belmont North,unit
2023-05-07,sell_price,835000.0,919000.0,910000.0,Belmont North,house
2023-05-14,sell_price,542000.0,611000.0,631000.0,Belmont North,unit
2023-05-14,sell_price,843000.0,919000.0,911000.0,Belmont North,house
2023-05-21,sell_price,542000.0,612000.0,631000.0,Belmont North,unit
2023-05-21,sell_price,848000.0,920000.0,913000.0,Belmont North,house
2023-05-28,sell_price,847000.0,919000.0,913000.0,Belmont North,house
2023-05-28,sell_price,542000.0,612000.0,631000.0,Belmont North,unit
2023-06-04,sell_price,846000.0,919000.0,915000.0,Belmont North,house
2023-06-04,sell_price,542000.0,613000.0,632000.0,Belmont North,unit
2023-06-11,sell_price,846000.0,918000.0,914000.0,Belmont North,house
2023-06-11,sell_price,541000.0,614000.0,632000.0,Belmont North,unit
2023-06-18,sell_price,541000.0,614000.0,632000.0,Belmont North,unit
2023-06-18,sell_price,847000.0,919000.0,915000.0,Belmont North,house
2023-06-25,sell_price,541000.0,615000.0,633000.0,Belmont North,unit
2023-06-25,sell_price,847000.0,920000.0,916000.0,Belmont North,house
2023-07-02,sell_price,541000.0,615000.0,633000.0,Belmont North,unit
2023-07-02,sell_price,853000.0,921000.0,916000.0,Belmont North,house
2023-07-09,sell_price,541000.0,615000.0,633000.0,Belmont North,unit
2023-07-09,sell_price,850000.0,923000.0,917000.0,Belmont North,house
2023-07-16,sell_price,846000.0,923000.0,918000.0,Belmont North,house
2023-07-16,sell_price,541000.0,619000.0,633000.0,Belmont North,unit
2023-07-23,sell_price,541000.0,643000.0,633000.0,Belmont North,unit
2023-07-23,sell_price,845000.0,923000.0,919000.0,Belmont North,house
2023-07-30,sell_price,845000.0,924000.0,919000.0,Belmont North,house
2023-07-30,sell_price,541000.0,643000.0,633000.0,Belmont North,unit
2023-08-06,sell_price,541000.0,642000.0,632000.0,Belmont North,unit
2023-08-06,sell_price,845000.0,926000.0,920000.0,Belmont North,house
2023-08-13,sell_price,847000.0,924000.0,919000.0,Belmont North,house
2023-08-13,sell_price,541000.0,642000.0,632000.0,Belmont North,unit
2023-08-20,sell_price,541000.0,642000.0,632000.0,Belmont North,unit
2023-08-20,sell_price,847000.0,923000.0,919000.0,Belmont North,house
2023-08-27,sell_price,844000.0,923000.0,918000.0,Belmont North,house
2023-08-27,sell_price,541000.0,642000.0,632000.0,Belmont North,unit
2023-09-03,sell_price,843000.0,923000.0,916000.0,Belmont North,house
2023-09-03,sell_price,541000.0,642000.0,632000.0,Belmont North,unit
2023-09-10,sell_price,541000.0,642000.0,632000.0,Belmont North,unit
2023-09-10,sell_price,843000.0,924000.0,918000.0,Belmont North,house
2023-09-17,sell_price,843000.0,924000.0,916000.0,Belmont North,house
2023-09-17,sell_price,541000.0,642000.0,632000.0,Belmont North,unit
2023-09-24,sell_price,844000.0,924000.0,916000.0,Belmont North,house
2023-09-24,sell_price,541000.0,643000.0,632000.0,Belmont North,unit
2023-10-01,sell_price,844000.0,926000.0,917000.0,Belmont North,house
2023-10-01,sell_price,541000.0,642000.0,633000.0,Belmont North,unit
2023-10-08,sell_price,541000.0,642000.0,633000.0,Belmont North,unit
2023-10-08,sell_price,845000.0,925000.0,914000.0,Belmont North,house
2023-10-15,sell_price,541000.0,643000.0,634000.0,Belmont North,unit
2023-10-15,sell_price,845000.0,927000.0,917000.0,Belmont North,house
2023-10-22,sell_price,845000.0,927000.0,917000.0,Belmont North,house
2023-10-22,sell_price,541000.0,643000.0,635000.0,Belmont North,unit
2023-10-29,sell_price,541000.0,642000.0,635000.0,Belmont North,unit
2023-10-29,sell_price,844000.0,928000.0,918000.0,Belmont North,house
2023-11-05,sell_price,541000.0,641000.0,635000.0,Belmont North,unit
2023-11-05,sell_price,846000.0,929000.0,920000.0,Belmont North,house
2023-11-12,sell_price,541000.0,642000.0,635000.0,Belmont North,unit
2023-11-12,sell_price,847000.0,931000.0,923000.0,Belmont North,house
2023-11-19,sell_price,846000.0,931000.0,924000.0,Belmont North,house
2023-11-19,sell_price,541000.0,641000.0,634000.0,Belmont North,unit
2023-11-26,sell_price,844000.0,930000.0,924000.0,Belmont North,house
2023-11-26,sell_price,541000.0,642000.0,634000.0,Belmont North,unit
2023-12-03,sell_price,541000.0,643000.0,634000.0,Belmont North,unit
2023-12-03,sell_price,843000.0,932000.0,926000.0,Belmont North,house
2023-12-10,sell_price,843000.0,933000.0,927000.0,Belmont North,house
2023-12-10,sell_price,541000.0,643000.0,634000.0,Belmont North,unit
2023-12-17,sell_price,844000.0,933000.0,929000.0,Belmont North,house
2023-12-17,sell_price,541000.0,643000.0,633000.0,Belmont North,unit
2023-12-24,sell_price,541000.0,644000.0,634000.0,Belmont North,unit
2023-12-24,sell_price,844000.0,934000.0,929000.0,Belmont North,house
2023-12-31,sell_price,844000.0,936000.0,929000.0,Belmont North,house
2023-12-31,sell_price,541000.0,644000.0,634000.0,Belmont North,unit
2024-01-07,sell_price,541000.0,644000.0,634000.0,Belmont North,unit
2024-01-07,sell_price,848000.0,936000.0,929000.0,Belmont North,house
2024-01-14,sell_price,850000.0,936000.0,930000.0,Belmont North,house
2024-01-14,sell_price,541000.0,644000.0,634000.0,Belmont North,unit
2024-01-21,sell_price,541000.0,645000.0,635000.0,Belmont North,unit
2024-01-21,sell_price,853000.0,937000.0,931000.0,Belmont North,house
2024-01-28,sell_price,854000.0,937000.0,931000.0,Belmont North,house
2024-01-28,sell_price,541000.0,645000.0,635000.0,Belmont North,unit
2024-02-04,sell_price,541000.0,646000.0,636000.0,Belmont North,unit
2024-02-04,sell_price,858000.0,938000.0,934000.0,Belmont North,house
2024-02-11,sell_price,856000.0,938000.0,935000.0,Belmont North,house
2024-02-11,sell_price,541000.0,646000.0,636000.0,Belmont North,unit
2024-02-18,sell_price,541000.0,646000.0,636000.0,Belmont North,unit
2024-02-18,sell_price,858000.0,937000.0,938000.0,Belmont North,house
2024-02-25,sell_price,858000.0,938000.0,939000.0,Belmont North,house
2024-02-25,sell_price,541000.0,646000.0,637000.0,Belmont North,unit
2024-03-03,sell_price,859000.0,938000.0,940000.0,Belmont North,house
2024-03-03,sell_price,541000.0,646000.0,637000.0,Belmont North,unit
2024-03-10,sell_price,861000.0,939000.0,943000.0,Belmont North,house
2024-03-10,sell_price,541000.0,647000.0,638000.0,Belmont North,unit
2024-03-17,sell_price,862000.0,941000.0,944000.0,Belmont North,house
2024-03-17,sell_price,541000.0,648000.0,640000.0,Belmont North,unit
2024-03-24,sell_price,866000.0,946000.0,948000.0,Belmont North,house
2024-03-24,sell_price,541000.0,647000.0,639000.0,Belmont North,unit
2024-03-31,sell_price,866000.0,949000.0,954000.0,Belmont North,house
2024-03-31,sell_price,541000.0,647000.0,640000.0,Belmont North,unit
2024-04-07,sell_price,876000.0,950000.0,957000.0,Belmont North,house
2024-04-07,sell_price,541000.0,647000.0,639000.0,Belmont North,unit
2024-04-14,sell_price,541000.0,647000.0,638000.0,Belmont North,unit
2024-04-14,sell_price,879000.0,951000.0,960000.0,Belmont North,house
2024-04-21,sell_price,900000.0,952000.0,960000.0,Belmont North,house
2024-04-21,sell_price,541000.0,647000.0,638000.0,Belmont North,unit
2024-04-28,sell_price,908000.0,952000.0,961000.0,Belmont North,house
2024-04-28,sell_price,541000.0,647000.0,638000.0,Belmont North,unit
2024-05-05,sell_price,924000.0,952000.0,962000.0,Belmont North,house
2024-05-05,sell_price,541000.0,648000.0,638000.0,Belmont North,unit
2024-05-12,sell_price,929000.0,953000.0,964000.0,Belmont North,house
2024-05-12,sell_price,541000.0,649000.0,640000.0,Belmont North,unit
2024-05-19,sell_price,931000.0,953000.0,963000.0,Belmont North,house
2024-05-19,sell_price,541000.0,648000.0,638000.0,Belmont North,unit
2024-05-26,sell_price,918000.0,953000.0,962000.0,Belmont North,house
2024-05-26,sell_price,541000.0,648000.0,640000.0,Belmont North,unit
2024-06-02,sell_price,927000.0,956000.0,963000.0,Belmont North,house
2024-06-02,sell_price,541000.0,649000.0,640000.0,Belmont North,unit
2024-06-09,sell_price,933000.0,958000.0,964000.0,Belmont North,house
2024-06-09,sell_price,541000.0,649000.0,640000.0,Belmont North,unit
2024-06-16,sell_price,541000.0,650000.0,641000.0,Belmont North,unit
2024-06-16,sell_price,937000.0,959000.0,963000.0,Belmont North,house
2024-06-23,sell_price,541000.0,649000.0,639000.0,Belmont North,unit
2024-06-23,sell_price,939000.0,957000.0,963000.0,Belmont North,house
2024-06-30,sell_price,934000.0,957000.0,961000.0,Belmont North,house
2024-06-30,sell_price,541000.0,649000.0,639000.0,Belmont North,unit
2024-07-07,sell_price,541000.0,649000.0,640000.0,Belmont North,unit
2024-07-07,sell_price,937000.0,958000.0,960000.0,Belmont North,house
2024-07-14,sell_price,541000.0,648000.0,639000.0,Belmont North,unit
2024-07-14,sell_price,937000.0,956000.0,959000.0,Belmont North,house
2024-07-21,sell_price,541000.0,647000.0,640000.0,Belmont North,unit
2024-07-21,sell_price,937000.0,957000.0,961000.0,Belmont North,house
2024-07-28,sell_price,937000.0,959000.0,960000.0,Belmont North,house
2024-07-28,sell_price,541000.0,647000.0,640000.0,Belmont North,unit
2024-08-04,sell_price,922000.0,958000.0,959000.0,Belmont North,house
2024-08-04,sell_price,541000.0,646000.0,640000.0,Belmont North,unit
2024-08-11,sell_price,922000.0,960000.0,960000.0,Belmont North,house
2024-08-11,sell_price,541000.0,645000.0,639000.0,Belmont North,unit
2024-08-18,sell_price,541000.0,645000.0,639000.0,Belmont North,unit
2024-08-18,sell_price,897000.0,961000.0,960000.0,Belmont North,house
2024-08-25,sell_price,541000.0,646000.0,639000.0,Belmont North,unit
2024-08-25,sell_price,877000.0,962000.0,959000.0,Belmont North,house
2024-09-01,sell_price,541000.0,646000.0,640000.0,Belmont North,unit
2024-09-01,sell_price,869000.0,963000.0,961000.0,Belmont North,house
2024-09-08,sell_price,868000.0,964000.0,961000.0,Belmont North,house
2024-09-08,sell_price,541000.0,646000.0,641000.0,Belmont North,unit
2024-09-15,sell_price,541000.0,648000.0,642000.0,Belmont North,unit
2024-09-15,sell_price,863000.0,965000.0,960000.0,Belmont North,house
2024-09-22,sell_price,860000.0,965000.0,959000.0,Belmont North,house
2024-09-22,sell_price,541000.0,649000.0,643000.0,Belmont North,unit
2024-09-29,sell_price,861000.0,964000.0,959000.0,Belmont North,house
2024-09-29,sell_price,541000.0,650000.0,644000.0,Belmont North,unit
2024-10-06,sell_price,863000.0,965000.0,959000.0,Belmont North,house
2024-10-06,sell_price,541000.0,650000.0,643000.0,Belmont North,unit
2024-10-13,sell_price,541000.0,650000.0,644000.0,Belmont North,unit
2024-10-13,sell_price,862000.0,966000.0,960000.0,Belmont North,house
2024-10-20,sell_price,541000.0,650000.0,646000.0,Belmont North,unit
2024-10-20,sell_price,861000.0,967000.0,960000.0,Belmont North,house
2024-10-27,sell_price,866000.0,970000.0,962000.0,Belmont North,house
2024-10-27,sell_price,541000.0,651000.0,646000.0,Belmont North,unit
2024-11-03,sell_price,867000.0,972000.0,963000.0,Belmont North,house
2024-11-03,sell_price,541000.0,652000.0,648000.0,Belmont North,unit
2024-11-10,sell_price,868000.0,972000.0,964000.0,Belmont North,house
2024-11-10,sell_price,541000.0,653000.0,649000.0,Belmont North,unit
2024-11-17,sell_price,868000.0,973000.0,965000.0,Belmont North,house
2024-11-17,sell_price,541000.0,653000.0,650000.0,Belmont North,unit
2024-11-24,sell_price,541000.0,654000.0,651000.0,Belmont North,unit
2024-11-24,sell_price,874000.0,974000.0,968000.0,Belmont North,house
2024-12-01,sell_price,874000.0,975000.0,968000.0,Belmont North,house
2024-12-01,sell_price,541000.0,655000.0,653000.0,Belmont North,unit
2024-12-08,sell_price,541000.0,655000.0,654000.0,Belmont North,unit
2024-12-08,sell_price,885000.0,976000.0,966000.0,Belmont North,house
2024-12-15,sell_price,885000.0,978000.0,966000.0,Belmont North,house
2024-12-15,sell_price,541000.0,656000.0,655000.0,Belmont North,unit
2024-12-22,sell_price,541000.0,657000.0,655000.0,Belmont North,unit
2024-12-22,sell_price,885000.0,978000.0,965000.0,Belmont North,house
2024-12-29,sell_price,885000.0,979000.0,965000.0,Belmont North,house
2024-12-29,sell_price,541000.0,658000.0,655000.0,Belmont North,unit
2025-01-05,sell_price,541000.0,658000.0,655000.0,Belmont North,unit
2025-01-05,sell_price,885000.0,979000.0,965000.0,Belmont North,house
2025-01-12,sell_price,885000.0,979000.0,964000.0,Belmont North,house
2025-01-12,sell_price,541000.0,658000.0,655000.0,Belmont North,unit
2025-01-19,sell_price,541000.0,658000.0,653000.0,Belmont North,unit
2025-01-19,sell_price,885000.0,979000.0,964000.0,Belmont North,house
2025-01-26,sell_price,893000.0,980000.0,965000.0,Belmont North,house
2025-01-26,sell_price,540000.0,659000.0,656000.0,Belmont North,unit
2025-02-02,sell_price,893000.0,981000.0,965000.0,Belmont North,house
2025-02-02,sell_price,540000.0,658000.0,657000.0,Belmont North,unit
2025-02-09,sell_price,898000.0,981000.0,965000.0,Belmont North,house
2025-02-09,sell_price,540000.0,659000.0,657000.0,Belmont North,unit
2025-02-16,sell_price,897000.0,981000.0,966000.0,Belmont North,house
2025-02-16,sell_price,540000.0,660000.0,658000.0,Belmont North,unit
2025-02-23,sell_price,897000.0,983000.0,967000.0,Belmont North,house
2025-02-23,sell_price,540000.0,661000.0,659000.0,Belmont North,unit
2025-03-02,sell_price,899000.0,984000.0,966000.0,Belmont North,house
2025-03-02,sell_price,539000.0,662000.0,660000.0,Belmont North,unit
2025-03-09,sell_price,900000.0,985000.0,967000.0,Belmont North,house
2025-03-09,sell_price,539000.0,663000.0,662000.0,Belmont North,unit
2025-03-16,sell_price,539000.0,662000.0,662000.0,Belmont North,unit
2025-03-16,sell_price,902000.0,984000.0,969000.0,Belmont North,house
2025-03-23,sell_price,908000.0,986000.0,970000.0,Belmont North,house
2025-03-23,sell_price,539000.0,663000.0,663000.0,Belmont North,unit
2025-03-30,sell_price,909000.0,985000.0,972000.0,Belmont North,house
2025-03-30,sell_price,539000.0,664000.0,665000.0,Belmont North,unit
2025-04-06,sell_price,539000.0,664000.0,665000.0,Belmont North,unit
2025-04-06,sell_price,909000.0,986000.0,974000.0,Belmont North,house
2025-04-13,sell_price,539000.0,665000.0,666000.0,Belmont North,unit
2025-04-13,sell_price,938000.0,989000.0,978000.0,Belmont North,house
2025-04-20,sell_price,539000.0,664000.0,666000.0,Belmont North,unit
2025-04-20,sell_price,932000.0,989000.0,978000.0,Belmont North,house
2025-04-27,sell_price,539000.0,665000.0,666000.0,Belmont North,unit
2025-04-27,sell_price,945000.0,988000.0,978000.0,Belmont North,house
2025-05-04,sell_price,539000.0,666000.0,667000.0,Belmont North,unit
2025-05-04,sell_price,955000.0,989000.0,978000.0,Belmont North,house
2025-05-11,sell_price,959000.0,990000.0,981000.0,Belmont North,house
2025-05-11,sell_price,539000.0,666000.0,668000.0,Belmont North,unit
2025-05-18,sell_price,962000.0,991000.0,982000.0,Belmont North,house
2025-05-18,sell_price,539000.0,666000.0,668000.0,Belmont North,unit
2025-05-25,sell_price,539000.0,667000.0,668000.0,Belmont North,unit
2025-05-25,sell_price,963000.0,992000.0,984000.0,Belmont North,house
2025-06-01,sell_price,963000.0,993000.0,984000.0,Belmont North,house
2025-06-01,sell_price,539000.0,667000.0,669000.0,Belmont North,unit
2025-06-08,sell_price,539000.0,667000.0,668000.0,Belmont North,unit
2025-06-08,sell_price,964000.0,992000.0,985000.0,Belmont North,house
2025-06-15,sell_price,965000.0,991000.0,986000.0,Belmont North,house
2025-06-15,sell_price,539000.0,667000.0,669000.0,Belmont North,unit
2025-06-22,sell_price,539000.0,667000.0,669000.0,Belmont North,unit
2025-06-22,sell_price,964000.0,992000.0,989000.0,Belmont North,house
2025-06-29,sell_price,964000.0,992000.0,988000.0,Belmont North,house
2025-06-29,sell_price,539000.0,668000.0,671000.0,Belmont North,unit
2025-07-06,sell_price,540000.0,692000.0,728000.0,Belmont North,unit
2025-07-06,sell_price,951000.0,994000.0,991000.0,Belmont North,house
2025-07-13,sell_price,924000.0,988000.0,985000.0,Belmont North,house
2025-07-13,sell_price,540000.0,676000.0,691000.0,Belmont North,unit
2025-07-20,sell_price,541000.0,695000.0,734000.0,Belmont North,unit
2025-07-20,sell_price,967000.0,992000.0,993000.0,Belmont North,house
2025-07-27,sell_price,541000.0,694000.0,735000.0,Belmont North,unit
2025-07-27,sell_price,990000.0,993000.0,994000.0,Belmont North,house
2025-08-03,sell_price,568000.0,677000.0,683000.0,Belmont North,unit
2025-08-03,sell_price,1010000.0,991000.0,996000.0,Belmont North,house
2025-08-10,sell_price,573000.0,677000.0,683000.0,Belmont North,unit
2025-08-10,sell_price,976000.0,991000.0,993000.0,Belmont North,house
2025-08-17,sell_price,573000.0,678000.0,684000.0,Belmont North,unit
2025-08-17,sell_price,987000.0,992000.0,994000.0,Belmont North,house
2025-08-24,sell_price,1000000.0,1030000.0,1030000.0,Belmont North,house
2025-08-24,sell_price,575000.0,679000.0,685000.0,Belmont North,unit
2025-08-31,sell_price,575000.0,680000.0,685000.0,Belmont North,unit
2025-08-31,sell_price,1000000.0,1030000.0,1030000.0,Belmont North,house
2025-09-07,sell_price,1020000.0,1040000.0,1040000.0,Belmont North,house
2025-09-07,sell_price,575000.0,680000.0,686000.0,Belmont North,unit
2025-09-14,sell_price,575000.0,680000.0,686000.0,Belmont North,unit
2025-09-14,sell_price,1040000.0,1040000.0,1050000.0,Belmont North,house
2025-09-21,sell_price,1030000.0,1040000.0,1040000.0,Belmont North,house
2025-09-21,sell_price,575000.0,681000.0,687000.0,Belmont North,unit
2025-09-28,sell_price,575000.0,682000.0,687000.0,Belmont North,unit
2025-09-28,sell_price,1040000.0,1040000.0,1040000.0,Belmont North,house
2025-10-05,sell_price,1030000.0,1050000.0,1050000.0,Belmont North,house
2025-10-12,sell_price,1020000.0,1050000.0,1050000.0,Belmont North,house
2025-10-19,sell_price,1020000.0,1050000.0,1060000.0,Belmont North,house
2025-10-26,sell_price,1020000.0,1060000.0,1060000.0,Belmont North,house
2025-11-02,sell_price,1020000.0,1060000.0,1060000.0,Belmont North,house
2025-11-09,sell_price,1020000.0,1070000.0,1060000.0,Belmont North,house
2025-11-16,sell_price,1030000.0,1080000.0,1070000.0,Belmont North,house
2025-11-23,sell_price,1040000.0,1080000.0,1070000.0,Belmont North,house
2025-11-30,sell_price,1040000.0,1080000.0,1070000.0,Belmont North,house
2025-12-07,sell_price,1040000.0,1080000.0,1070000.0,Belmont North,house
